product_id,title,description,tags,color,material,sizes,price,image_path,image_paths,source_url,store
prod_001,Jeans,Beautiful jeans perfect for any occasion.,"jeans, minimalist, bohemian",multi,mixed,"XS, S, M, L, XL",169,/Products_for_prototype/Wideleg_jeans.png,,,
prod_002,Black Bracelet,Beautiful black colored bracelet perfect for any occasion.,"black, bracelet, casual, vintage",black,mixed,One Size,59,/Products_for_prototype/Bracelet_black_white.png,,,
prod_003,Brown Top,Beautiful brown colored top perfect for any occasion.,"brown, top, chic, bohemian",brown,mixed,"XS, S, M, L, XL",38,/Products_for_prototype/Brown_set_top.png,,,
prod_004,Black Sunglasses,Beautiful black colored sunglasses perfect for any occasion.,"black, sunglasses, bohemian, chic",black,mixed,One Size,36,/Products_for_prototype/oval_black_sunglasses.png,,,
prod_005,Brown Clutch,Beautiful brown colored clutch perfect for any occasion.,"brown, clutch, chic, modern",brown,mixed,"XS, S, M, L, XL",105,/Products_for_prototype/Brown_clutch.png,,,
prod_006,Hat,Beautiful hat perfect for any occasion.,"hat, casual, vintage",multi,mixed,One Size,42,/Products_for_prototype/colorful_bucket_hat.png,,,
prod_007,Bag,Beautiful bag perfect for any occasion.,"bag, chic, bohemian",multi,mixed,"XS, S, M, L, XL",145,/Products_for_prototype/fruit_shoulder_bag.png,,,
prod_008,White Sunglasses,Beautiful white colored sunglasses perfect for any occasion.,"white, sunglasses, casual, vintage",white,mixed,One Size,97,/Products_for_prototype/white_sunglasses.png,,,
prod_009,Dress,Beautiful dress perfect for any occasion.,"dress, chic, modern",multi,mixed,"XS, S, M, L, XL",195,/Products_for_prototype/Embellished_mini_dress.png,,,
prod_010,Jeans,Beautiful jeans perfect for any occasion.,"jeans, casual, bohemian",multi,mixed,"XS, S, M, L, XL",121,/Products_for_prototype/Wide_boyfriend_jeans.png,,,
prod_011,Lace,Beautiful lace fabric fashion item perfect for any occasion.,"lace, chic, vintage",multi,lace,"XS, S, M, L, XL",140,/Products_for_prototype/lace_blouse.png,,,
prod_012,Brown Shorts,Beautiful brown colored shorts perfect for any occasion.,"brown, shorts, elegant, casual",brown,mixed,"XS, S, M, L, XL",120,/Products_for_prototype/Brown_set_shorts.png,,,
prod_013,Sandals,Beautiful sandals perfect for any occasion.,"sandals, elegant, minimalist",multi,mixed,"6, 7, 8, 9, 10, 11",115,/Products_for_prototype/open_toe_sandals.png,,,
prod_014,Beige Shirt,Beautiful beige colored shirt perfect for any occasion.,"beige, shirt, elegant, modern",beige,mixed,"XS, S, M, L, XL",44,/Products_for_prototype/Polo_beige_shirt.png,,,
prod_015,Black Top,Beautiful black colored top perfect for any occasion.,"black, top, minimalist, vintage",black,mixed,"XS, S, M, L, XL",36,/Products_for_prototype/Black_top.png,,,
prod_016,Denim Dress,Beautiful denim fabric dress perfect for any occasion.,"denim, dress, chic, bohemian",multi,denim,"XS, S, M, L, XL",126,/Products_for_prototype/Denim_dress.png,,,
prod_017,Jeans,Beautiful jeans perfect for any occasion.,"jeans, minimalist, elegant",multi,mixed,"XS, S, M, L, XL",155,/Products_for_prototype/Heart_jeans.png,,,
prod_018,Flats,Beautiful flats perfect for any occasion.,"flats, vintage, bohemian",multi,mixed,"6, 7, 8, 9, 10, 11",103,/Products_for_prototype/ballet_flats.png,,,
prod_019,Belt,Beautiful belt perfect for any occasion.,"belt, casual, minimalist",multi,mixed,"XS, S, M, L, XL",90,/Products_for_prototype/Bird_belt.png,,,
prod_020,Beige Pants,Beautiful beige colored pants perfect for any occasion.,"beige, pants, elegant, minimalist",beige,mixed,"XS, S, M, L, XL",193,/Products_for_prototype/Beige_pants.png,,,
prod_021,Leather,Beautiful leather fabric fashion item perfect for any occasion.,"leather, chic, vintage",multi,leather,"XS, S, M, L, XL",140,/Products_for_prototype/Leather_card_colder.png,,,
prod_022,Sandals,Beautiful sandals perfect for any occasion.,"sandals, minimalist, bohemian",multi,mixed,"6, 7, 8, 9, 10, 11",41,/Products_for_prototype/jelly_sandals.png,,,
prod_023,Rose Bag,Beautiful rose colored bag perfect for any occasion.,"rose, bag, minimalist, chic",rose,mixed,"XS, S, M, L, XL",186,/Products_for_prototype/Rose_beach_bag.png,,,
prod_024,Leather Jacket,Beautiful leather fabric jacket perfect for any occasion.,"leather, jacket, chic, modern",multi,leather,"XS, S, M, L, XL",309,/Products_for_prototype/Jean_leather_jacket.png,,,
prod_025,Grey Dress,Beautiful grey colored dress perfect for any occasion.,"grey, dress, bohemian, minimalist",grey,mixed,"XS, S, M, L, XL",88,/Products_for_prototype/Grey_Maxi_Dress.png,,,
prod_026,Flats,Beautiful flats perfect for any occasion.,"flats, casual, elegant",multi,mixed,"6, 7, 8, 9, 10, 11",72,/Products_for_prototype/cow_print_ballet_flats.png,,,
prod_027,Yellow Jacket,Beautiful yellow colored jacket perfect for any occasion.,"yellow, jacket, casual, minimalist",yellow,mixed,"XS, S, M, L, XL",333,/Products_for_prototype/Yellow_set_jacket.png,,,
prod_028,Bag,Beautiful bag perfect for any occasion.,"bag, modern, minimalist",multi,mixed,"XS, S, M, L, XL",98,/Products_for_prototype/Flower_bag.png,,,
prod_029,Rose Pants,Beautiful rose colored pants perfect for any occasion.,"rose, pants, chic, minimalist",rose,mixed,"XS, S, M, L, XL",152,/Products_for_prototype/Rose_pants.png,,,
prod_030,Yellow Shorts,Beautiful yellow colored shorts perfect for any occasion.,"yellow, shorts, chic, modern",yellow,mixed,"XS, S, M, L, XL",103,/Products_for_prototype/Yellow_set_belted_shorts.png,,,
prod_031,White Top,Beautiful white colored top perfect for any occasion.,"white, top, chic, vintage",white,mixed,"XS, S, M, L, XL",33,/Products_for_prototype/white_strapless_top.png,,,
prod_032,Shorts,Beautiful shorts perfect for any occasion.,"shorts, casual, bohemian",multi,mixed,"XS, S, M, L, XL",79,/Products_for_prototype/jean_flowy-shorts.png,,,
prod_033,Beige Leather Wallet,Beautiful beige colored leather fabric wallet perfect for any occasion.,"beige, leather, wallet, minimalist, vintage",beige,leather,"XS, S, M, L, XL",55,/Products_for_prototype/beige_leather_wallet.png,,,
prod_034,Leather Sandals,Beautiful leather fabric sandals perfect for any occasion.,"leather, sandals, elegant, modern",multi,leather,"6, 7, 8, 9, 10, 11",75,/Products_for_prototype/leather_sandals.png,,,
prod_035,Skirt,Beautiful skirt perfect for any occasion.,"skirt, chic, elegant",multi,mixed,"XS, S, M, L, XL",85,/Products_for_prototype/print_sarog_skirt.png,,,
prod_036,Green Bag,Beautiful green colored bag perfect for any occasion.,"green, bag, chic, modern",green,mixed,"XS, S, M, L, XL",140,/Products_for_prototype/Green_clutch_bag.png,,,
prod_037,Dress,Beautiful dress perfect for any occasion.,"dress, minimalist, vintage",multi,mixed,"XS, S, M, L, XL",157,/Products_for_prototype/Zigzag_pattern_dress.png,,,
prod_038,Dress,Beautiful dress perfect for any occasion.,"dress, modern, casual",multi,mixed,"XS, S, M, L, XL",164,/Products_for_prototype/Maxi_strapless_dress.png,,,
prod_039,Green Dress,Beautiful green colored dress perfect for any occasion.,"green, dress, bohemian, elegant",green,mixed,"XS, S, M, L, XL",227,/Products_for_prototype/Green_maxi_dress.png,,,
prod_040,Flats,Beautiful flats perfect for any occasion.,"flats, bohemian, chic",multi,mixed,"6, 7, 8, 9, 10, 11",113,/Products_for_prototype/Crystal_ballet_flats.png,,,
prod_041,Jeans,Beautiful jeans perfect for any occasion.,"jeans, bohemian, chic",multi,mixed,"XS, S, M, L, XL",84,/Products_for_prototype/Cutout_jeans.png,,,
prod_042,Silver Leather Heels,Beautiful silver colored leather fabric heels perfect for any occasion.,"silver, leather, heels, bohemian, minimalist",silver,leather,"6, 7, 8, 9, 10, 11",161,/Products_for_prototype/SIlver_leather_mules_heels.png,,,
prod_043,White Heels,Beautiful white colored heels perfect for any occasion.,"white, heels, casual, bohemian",white,mixed,"6, 7, 8, 9, 10, 11",199,/Products_for_prototype/White_gold_heels.png,,,
prod_044,Swimsuit,Beautiful swimsuit perfect for any occasion.,"swimsuit, modern, chic",multi,mixed,"XS, S, M, L, XL",48,/Products_for_prototype/one_piece_swimsuit.png,,,
prod_045,Mesh Top,Beautiful mesh fabric top perfect for any occasion.,"mesh, top, chic, casual",multi,mesh,"XS, S, M, L, XL",61,/Products_for_prototype/Mesh_top.png,,,
prod_046,Earrings,Beautiful earrings perfect for any occasion.,"earrings, chic, vintage",multi,mixed,One Size,39,/Products_for_prototype/Flower_earrings.png,,,
prod_047,Gold Skirt,Beautiful gold colored skirt perfect for any occasion.,"gold, skirt, modern, bohemian",gold,mixed,"XS, S, M, L, XL",58,/Products_for_prototype/Gold_mini_skirt.png,,,
prod_048,Scarf,Beautiful scarf perfect for any occasion.,"scarf, casual, vintage",multi,mixed,One Size,50,/Products_for_prototype/printed_scarf.png,,,
prod_049,Dress,Beautiful dress perfect for any occasion.,"dress, casual, minimalist",multi,mixed,"XS, S, M, L, XL",221,/Products_for_prototype/maxi_dress.png,,,
prod_050,Top,Beautiful top perfect for any occasion.,"top, minimalist, elegant",multi,mixed,"XS, S, M, L, XL",67,/Products_for_prototype/knitted_top.png,,,
prod_051,Black Bikini,Beautiful black colored bikini perfect for any occasion.,"black, bikini, vintage, bohemian",black,mixed,"XS, S, M, L, XL",135,/Products_for_prototype/black_gold_bikini_set.png,,,
prod_052,Brown Leather Skirt,Beautiful brown colored leather fabric skirt perfect for any occasion.,"brown, leather, skirt, chic, bohemian",brown,leather,"XS, S, M, L, XL",103,/Products_for_prototype/Brown_leather_skirt.png,,,
prod_053,Bag,Beautiful bag perfect for any occasion.,"bag, bohemian, elegant",multi,mixed,"XS, S, M, L, XL",195,/Products_for_prototype/beach_bag.png,,,
prod_054,White Dress,Beautiful white colored dress perfect for any occasion.,"white, dress, elegant, chic",white,mixed,"XS, S, M, L, XL",213,/Products_for_prototype/white_ballerina_dress.png,,,
prod_055,White Swimsuit,Beautiful white colored swimsuit perfect for any occasion.,"white, swimsuit, casual, elegant",white,mixed,"XS, S, M, L, XL",57,/Products_for_prototype/white_swimsuit.png,,,
prod_056,Red Dress,Beautiful red colored dress perfect for any occasion.,"red, dress, vintage, minimalist",red,mixed,"XS, S, M, L, XL",260,/Products_for_prototype/Red_Maxi_Embellished_Dress.png,,,
prod_057,Sandals,Beautiful sandals perfect for any occasion.,"sandals, chic, minimalist",multi,mixed,"6, 7, 8, 9, 10, 11",55,/Products_for_prototype/Sandals.png,,,
aug_058,Dress,Beautiful elegant dress perfect for any occasion.,"dress, chic, modern, versatile",multi,mixed,"XS, S, M, L, XL",220,/Products_for_prototype/Embellished_mini_dress.png,,,
aug_059,Beige Shirt,Beautiful gorgeous beige colored shirt perfect for any occasion.,"beige, shirt, elegant, modern, stylish",navy,mixed,"XS, S, M, L, XL",37,/Products_for_prototype/Polo_beige_shirt.png,,,
aug_060,Dress,Beautiful gorgeous dress perfect for any occasion.,"dress, modern, casual, trendy",multi,polyester,"XS, S, M, L, XL",134,/Products_for_prototype/Maxi_strapless_dress.png,,,
aug_061,Lace,Beautiful stunning lace fabric fashion item perfect for any occasion.,"lace, chic, vintage, trendy",sage,viscose,"XS, S, M, L, XL",165,/Products_for_prototype/lace_blouse.png,,,
aug_062,Shorts,Beautiful chic shorts perfect for any occasion.,"shorts, casual, bohemian, fashionable",multi,viscose,"XS, S, M, L, XL",66,/Products_for_prototype/jean_flowy-shorts.png,,,
aug_063,Black Sunglasses,Beautiful elegant black colored sunglasses perfect for any occasion.,"black, sunglasses, bohemian, chic, fashionable",black,mixed,One Size,36,/Products_for_prototype/oval_black_sunglasses.png,,,
aug_064,White Heels,Beautiful sophisticated white colored heels perfect for any occasion.,"white, heels, casual, bohemian, comfortable",ivory,mixed,"6, 7, 8, 9, 10, 11",177,/Products_for_prototype/White_gold_heels.png,,,
aug_065,Vintage Top,Beautiful chic mesh fabric top perfect for any occasion.,"mesh, top, chic, casual, fashionable",coral,mesh,"XS, S, M, L, XL",49,/Products_for_prototype/Mesh_top.png,,,
aug_066,Swimsuit,Beautiful sophisticated swimsuit perfect for any occasion.,"swimsuit, modern, chic, comfortable",multi,polyester,"XS, S, M, L, XL",39,/Products_for_prototype/one_piece_swimsuit.png,,,
aug_067,Rose Bag,Beautiful gorgeous rose colored bag perfect for any occasion.,"rose, bag, minimalist, chic, versatile",sage,mixed,"XS, S, M, L, XL",197,/Products_for_prototype/Rose_beach_bag.png,,,
aug_068,Burgundy Dress,Beautiful elegant red colored dress perfect for any occasion.,"red, dress, vintage, minimalist, fashionable",red,mixed,"XS, S, M, L, XL",208,/Products_for_prototype/Red_Maxi_Embellished_Dress.png,,,
aug_069,Flats,Beautiful chic flats perfect for any occasion.,"flats, bohemian, chic, versatile",multi,mixed,"6, 7, 8, 9, 10, 11",112,/Products_for_prototype/Crystal_ballet_flats.png,,,
aug_070,Camel Top,Beautiful stunning brown colored top perfect for any occasion.,"brown, top, chic, bohemian, comfortable",chocolate,viscose,"XS, S, M, L, XL",43,/Products_for_prototype/Brown_set_top.png,,,
aug_071,Black Top,Beautiful elegant black colored top perfect for any occasion.,"black, top, minimalist, vintage, trendy",black,mixed,"XS, S, M, L, XL",29,/Products_for_prototype/Black_top.png,,,
aug_072,Brown Shorts,Beautiful elegant brown colored shorts perfect for any occasion.,"brown, shorts, elegant, casual, fashionable",camel,mixed,"XS, S, M, L, XL",107,/Products_for_prototype/Brown_set_shorts.png,,,
aug_073,Brown Top,Beautiful chic brown colored top perfect for any occasion.,"brown, top, chic, bohemian, fashionable",camel,mixed,"XS, S, M, L, XL",39,/Products_for_prototype/Brown_set_top.png,,,
aug_074,Rose Bag,Beautiful stunning rose colored bag perfect for any occasion.,"rose, bag, minimalist, chic, trendy",rose,mixed,"XS, S, M, L, XL",177,/Products_for_prototype/Rose_beach_bag.png,,,
aug_075,Scarf,Beautiful sophisticated scarf perfect for any occasion.,"scarf, casual, vintage, comfortable",navy,mixed,One Size,51,/Products_for_prototype/printed_scarf.png,,,
aug_076,White Top,Beautiful chic white colored top perfect for any occasion.,"white, top, chic, vintage, stylish",ivory,mixed,"XS, S, M, L, XL",31,/Products_for_prototype/white_strapless_top.png,,,
aug_077,Brown Clutch,Beautiful elegant brown colored clutch perfect for any occasion.,"brown, clutch, chic, modern, versatile",brown,mixed,"XS, S, M, L, XL",95,/Products_for_prototype/Brown_clutch.png,,,
aug_078,Red Dress,Beautiful sophisticated red colored dress perfect for any occasion.,"red, dress, vintage, minimalist, stylish",red,mixed,"XS, S, M, L, XL",261,/Products_for_prototype/Red_Maxi_Embellished_Dress.png,,,
aug_079,Earrings,Beautiful gorgeous earrings perfect for any occasion.,"earrings, chic, vintage, versatile",multi,mixed,One Size,44,/Products_for_prototype/Flower_earrings.png,,,
aug_080,Rose Bag,Beautiful gorgeous rose colored bag perfect for any occasion.,"rose, bag, minimalist, chic, fashionable",rose,cotton blend,"XS, S, M, L, XL",176,/Products_for_prototype/Rose_beach_bag.png,,,
fs_000,Two Chances Jewellery Aurora Earrings,,,,,One Size,9,,/data/flyingsolo/images/000_0_header_logo.png|/data/flyingsolo/images/000_1_header_logo.png|/data/flyingsolo/images/000_2_Flying_Solo_logo.png|/data/flyingsolo/images/000_3_Two-Chances-Jewellery-Photoroom_20250703_093843-800x1067.jpg,https://flyingsolo.nyc/product/two-chances-jewellery-aurora-earrings/,Flying Solo NYC
fs_001,LONA STUDIOS Purple Amethyst Necklace,,,,,One Size,9,,/data/flyingsolo/images/001_0_header_logo.png|/data/flyingsolo/images/001_1_header_logo.png|/data/flyingsolo/images/001_2_Flying_Solo_logo.png|/data/flyingsolo/images/001_3_Lona-Studios-7-800x1067.jpg,https://flyingsolo.nyc/product/lona-studios-purple-amethyst-necklace/,Flying Solo NYC
fs_002,MOODY GRAY Tahitian Lei Bracelet,,,,,One Size,9,,/data/flyingsolo/images/002_0_header_logo.png|/data/flyingsolo/images/002_1_header_logo.png|/data/flyingsolo/images/002_2_Flying_Solo_logo.png|/data/flyingsolo/images/002_3_Global-Island-Treasures-Tahitian-Lei-Bracelet-with-ICON%E2%80%94NYC-2160-x-2880-px-portrait-800x1067.png,https://flyingsolo.nyc/product/moody-gray-tahitian-lei-bracelet/,Flying Solo NYC
fs_003,Scent Of Africa Hagé Eau De Parfum 100 ML,,,,,One Size,9,,/data/flyingsolo/images/003_0_header_logo.png|/data/flyingsolo/images/003_1_header_logo.png|/data/flyingsolo/images/003_2_Flying_Solo_logo.png|/data/flyingsolo/images/003_3_Scent-of-Africa-SOA-HAGE-BOTTLE-100ML1-scaled-e1751328031814-1-800x1067.jpg,https://flyingsolo.nyc/product/scent-of-africa-hage-eau-de-parfum-100-ml/,Flying Solo NYC
fs_004,Les Soeurs de Noé RED BERRIES ELIXIR sample,,,,,One Size,9,,/data/flyingsolo/images/004_0_header_logo.png|/data/flyingsolo/images/004_1_header_logo.png|/data/flyingsolo/images/004_2_Flying_Solo_logo.png|/data/flyingsolo/images/004_3_Les-Soeurs-de-Noe-red-berries-2ml-scaled-e1734979466751-1-800x1067.jpg,https://flyingsolo.nyc/product/les-soeurs-de-noe-red-berries-elixir-sample/,Flying Solo NYC
fs_005,ASCO Pink Mini Crossbody,,,,,One Size,9,,/data/flyingsolo/images/005_0_header_logo.png|/data/flyingsolo/images/005_1_header_logo.png|/data/flyingsolo/images/005_2_Flying_Solo_logo.png|/data/flyingsolo/images/005_3_ASCO-Site-new-York-Anciennes-Co3.3-scaled-1-800x1067.jpg,https://flyingsolo.nyc/product/asco-pink-mini-crossbody/,Flying Solo NYC
fs_006,"Modern Natured GEN COLL: E-choke, Black",,,,,One Size,9,,/data/flyingsolo/images/006_0_header_logo.png|/data/flyingsolo/images/006_1_header_logo.png|/data/flyingsolo/images/006_2_Flying_Solo_logo.png|/data/flyingsolo/images/006_3_Screenshot-2022-10-20-4.43.08-PM-e1721298935320-1-800x1067.png,https://flyingsolo.nyc/product/modern-natured-gen-coll-e-choke-black/,Flying Solo NYC
fs_007,INFILTRATOR Strawberry Hat,,,,,One Size,9,,/data/flyingsolo/images/007_0_header_logo.png|/data/flyingsolo/images/007_1_header_logo.png|/data/flyingsolo/images/007_2_Flying_Solo_logo.png|/data/flyingsolo/images/007_3_INFILTRATOR-Strawberry-1-scaled-1-800x1067.jpg,https://flyingsolo.nyc/product/infiltrator-strawberry-hat/,Flying Solo NYC
fs_008,Les Soeurs De Noe Parfum Cuir Noir Black Edition 100 Ml,,,,,One Size,9,,/data/flyingsolo/images/008_0_header_logo.png|/data/flyingsolo/images/008_1_header_logo.png|/data/flyingsolo/images/008_2_Flying_Solo_logo.png|/data/flyingsolo/images/008_3_Les-Soeurs-de-Noe-Cuir-Noir-Black-Edition-scaled-e1751325668113-1-800x1067.jpg,https://flyingsolo.nyc/product/les-soeurs-de-noe-parfum-cuir-noir-black-edition-100-ml/,Flying Solo NYC
fs_009,Elfeya Cosmetics Skincare,,,,,One Size,9,,/data/flyingsolo/images/009_0_header_logo.png|/data/flyingsolo/images/009_1_header_logo.png|/data/flyingsolo/images/009_2_Flying_Solo_logo.png|/data/flyingsolo/images/009_3_Elfeya-Cosmetics-age-reverse-scaled-1-800x1067.jpg,https://flyingsolo.nyc/product/elfeya-cosmetics-skincare-4/,Flying Solo NYC
fs_010,A.SHIMUS Red Work Dress,,,,,Choose an option|S|M|L,9,,/data/flyingsolo/images/010_0_header_logo.png|/data/flyingsolo/images/010_1_header_logo.png|/data/flyingsolo/images/010_2_Flying_Solo_logo.png|/data/flyingsolo/images/010_3_A.SHIMUS-25FW-Long-Sleeve-Wool-Shirt-Dress-Bordeaux-2-2160-%C3%97-2880-scaled-e1756899366646-800x1068.jpg,https://flyingsolo.nyc/product/a-shimus-red-work-dress/,Flying Solo NYC
fs_011,HIROMI ASAI Grey Knee Length Shorts,,,,,One Size,9,,/data/flyingsolo/images/011_0_header_logo.png|/data/flyingsolo/images/011_1_header_logo.png|/data/flyingsolo/images/011_2_Flying_Solo_logo.png|/data/flyingsolo/images/011_3_Hiromi-Asai-SS25-pullover4-3-800x1067.jpg,https://flyingsolo.nyc/product/hiromi-asai-grey-knee-length-shorts/,Flying Solo NYC
fs_012,Re…ByTonyDrawbridge Green Acrylic Ring,,,,,One Size,9,,/data/flyingsolo/images/012_0_header_logo.png|/data/flyingsolo/images/012_1_header_logo.png|/data/flyingsolo/images/012_2_Flying_Solo_logo.png|/data/flyingsolo/images/012_3_Re.byTonyDrawbridge-IMG_4247-800x1067.jpg,https://flyingsolo.nyc/product/re-bytonydrawbridge-green-acrylic-ring/,Flying Solo NYC
fs_013,Itu Golf Wear,,,,,Choose an option|S|M,9,,/data/flyingsolo/images/013_0_header_logo.png|/data/flyingsolo/images/013_1_header_logo.png|/data/flyingsolo/images/013_2_Flying_Solo_logo.png|/data/flyingsolo/images/013_3_Itu-Golf-Wear-13-800x1067.png,https://flyingsolo.nyc/product/itu-golf-wear/,Flying Solo NYC
fs_014,925 Siller Silver Cubic Zirconia Earrings,,,,,One Size,9,,/data/flyingsolo/images/014_0_header_logo.png|/data/flyingsolo/images/014_1_header_logo.png|/data/flyingsolo/images/014_2_Flying_Solo_logo.png|/data/flyingsolo/images/014_3_925-siller-W101_resized-4-800x1067.jpg,https://flyingsolo.nyc/product/925-siller-silver-cubic-zirconia-earrings-3/,Flying Solo NYC
fs_015,HauteLife World Zurich Grey,,,,,One Size,9,,/data/flyingsolo/images/015_0_header_logo.png|/data/flyingsolo/images/015_1_header_logo.png|/data/flyingsolo/images/015_2_Flying_Solo_logo.png|/data/flyingsolo/images/015_3_HauteLife-World-IMG_5344-scaled-e1721297805570-1-800x1067.jpg,https://flyingsolo.nyc/product/hautelife-world-zurich-grey/,Flying Solo NYC
fs_016,STORIES Parfums No.01 Hand & Body Wash 500ml,,,,,One Size,9,,/data/flyingsolo/images/016_0_header_logo.png|/data/flyingsolo/images/016_1_header_logo.png|/data/flyingsolo/images/016_2_Flying_Solo_logo.png|/data/flyingsolo/images/016_3_STORIES-Parfums-STORIES-No.01-500ml-Lotion-scaled-1-800x1067.jpg,https://flyingsolo.nyc/product/stories-parfums-no-01-hand-body-wash-500ml/,Flying Solo NYC
fs_017,Ilike Organic Skin Care QuadDefense Essence With Sea Buckthorn,,,,,One Size,9,,/data/flyingsolo/images/017_0_header_logo.png|/data/flyingsolo/images/017_1_header_logo.png|/data/flyingsolo/images/017_2_Flying_Solo_logo.png|/data/flyingsolo/images/017_3_ilike-organic-skin-care-QuadDefense-Essence-30ml_00-scaled-1-800x1067.jpg,https://flyingsolo.nyc/product/ilike-organic-skin-care-quaddefense-essence-with-sea-buckthorn/,Flying Solo NYC
fs_018,Baszicare ABEO lux spot treatment 20ML,,,,,One Size,9,,/data/flyingsolo/images/018_0_header_logo.png|/data/flyingsolo/images/018_1_header_logo.png|/data/flyingsolo/images/018_2_Flying_Solo_logo.png|/data/flyingsolo/images/018_3_4_baszicare_Abeoluxspottreatment_2160x2880_68298c1c-5a75-47bd-bd89-6e74ce905c76-scaled-e1724742102810-1-800x1067.jpg,https://flyingsolo.nyc/product/baszicare-abeo-lux-spot-treatment-20ml/,Flying Solo NYC
fs_019,House Of 29 X Melinda Maria Serpent Herringbone Collar 16″,,,,,One Size,9,,/data/flyingsolo/images/019_0_header_logo.png|/data/flyingsolo/images/019_1_header_logo.png|/data/flyingsolo/images/019_2_Flying_Solo_logo.png|/data/flyingsolo/images/019_3_House-of-29-Serpent-Herringbone-Collar-16_-Gold-e1756135497716-800x1067.png,https://flyingsolo.nyc/product/house-of-29-x-melinda-maria-serpent-herringbone-collar-16/,Flying Solo NYC
fs_020,ELENA RUDENKO black clinked convertible crop top,,,,,Choose an option|S|M|L,9,,/data/flyingsolo/images/020_0_header_logo.png|/data/flyingsolo/images/020_1_header_logo.png|/data/flyingsolo/images/020_2_Flying_Solo_logo.png|/data/flyingsolo/images/020_3_ELENA-RUDENKO-MagicEraser_230621_130829-scaled-e1719647257874-800x1068.jpeg,https://flyingsolo.nyc/product/elena-rudenko-black-clinked-convertible-crop-top/,Flying Solo NYC
fs_021,Atelier Mythique Gold Silver Bangle,,,,,One Size,9,,/data/flyingsolo/images/021_0_header_logo.png|/data/flyingsolo/images/021_1_header_logo.png|/data/flyingsolo/images/021_2_Flying_Solo_logo.png|/data/flyingsolo/images/021_3_Atelier-Mythique-La-Dragonne-bangle-with-plain-collar-4-800x1067.jpg,https://flyingsolo.nyc/product/atelier-mythique-gold-silver-bangle/,Flying Solo NYC
fs_022,HN JEWELRY Green Jade Ring,,,,,Choose an option|6,9,,/data/flyingsolo/images/022_0_header_logo.png|/data/flyingsolo/images/022_1_header_logo.png|/data/flyingsolo/images/022_2_Flying_Solo_logo.png|/data/flyingsolo/images/022_3_HN-JEWELRY-Untitled-design-44-800x1067.jpg,https://flyingsolo.nyc/product/hn-jewelry-green-jade-ring-2/,Flying Solo NYC
fs_023,Fundae Black High Heel Pump,,,,,Choose an option|6|7|7.5|9|11,9,,/data/flyingsolo/images/023_0_header_logo.png|/data/flyingsolo/images/023_1_header_logo.png|/data/flyingsolo/images/023_2_Flying_Solo_logo.png|/data/flyingsolo/images/023_3_Fundae-14-1-scaled-1-800x1067.png,https://flyingsolo.nyc/product/fundae-black-high-heel-pump/,Flying Solo NYC
fs_024,DANIEL SILVERSTAIN x YABAYAY LOS MUERTOS POMPOM HOODIE,,,,,Choose an option|5|8|10|12,9,,/data/flyingsolo/images/024_0_header_logo.png|/data/flyingsolo/images/024_1_header_logo.png|/data/flyingsolo/images/024_2_Flying_Solo_logo.png|/data/flyingsolo/images/024_3_DANIEL-SILVERSTAIN-986097002-1-800x951.jpg,https://flyingsolo.nyc/product/daniel-silverstain-x-yabayay-los-muertos-pompom-hoodie/,Flying Solo NYC
fs_025,BettyVonChic Metallic Mini Skirt,,,,,Choose an option|2|4|6|8|10|12|14,9,,/data/flyingsolo/images/025_0_header_logo.png|/data/flyingsolo/images/025_1_header_logo.png|/data/flyingsolo/images/025_2_Flying_Solo_logo.png|/data/flyingsolo/images/025_3_BettyVonChic-IMG_0492-800x1067.jpg,https://flyingsolo.nyc/product/bettyvonchic-metallic-mini-skirt/,Flying Solo NYC
fs_026,Sparkle Collection Black Biker Jacket Jacket/Blazer,,,,,One Size,9,,/data/flyingsolo/images/026_0_header_logo.png|/data/flyingsolo/images/026_1_header_logo.png|/data/flyingsolo/images/026_2_Flying_Solo_logo.png|/data/flyingsolo/images/026_3_Sparkle-Collection-%E4%B8%81%E7%87%88%E7%B6%81%E5%B8%B6-%E6%8B%B7%E8%B2%9D-800x1067.jpg,https://flyingsolo.nyc/product/sparkle-collection-black-biker-jacket-jacket-blazer-2/,Flying Solo NYC
fs_027,God Given Talent Ivory/Cream Fashion Hat,,,,,One Size,9,,/data/flyingsolo/images/027_0_header_logo.png|/data/flyingsolo/images/027_1_header_logo.png|/data/flyingsolo/images/027_2_Flying_Solo_logo.png|/data/flyingsolo/images/027_3_God-Given-Talent-2025-01-26-God-Given-Talent-Packshots3256_3x4-GGT-Off-White-and-Olive-Green-scaled-1-800x1067.jpg,https://flyingsolo.nyc/product/god-given-talent-ivory-cream-fashion-hat/,Flying Solo NYC
fs_028,SIMEOGIEME Maxi Mary Dress,,,,,One Size,9,,/data/flyingsolo/images/028_0_header_logo.png|/data/flyingsolo/images/028_1_header_logo.png|/data/flyingsolo/images/028_2_Flying_Solo_logo.png|/data/flyingsolo/images/028_3_SIMEOGIEME-Shot-9-scaled-e1733838357899-800x1067.jpg,https://flyingsolo.nyc/product/simeogieme-maxi-mary-dress/,Flying Solo NYC
fs_029,Vanimy Wave Faith Coin Medallion Necklace,,,,,One Size,9,,/data/flyingsolo/images/029_0_header_logo.png|/data/flyingsolo/images/029_1_header_logo.png|/data/flyingsolo/images/029_2_Flying_Solo_logo.png|/data/flyingsolo/images/029_3_Vanimy-VNE230468-800x1067.jpg,https://flyingsolo.nyc/product/vanimy-wave-faith-coin-medallion-necklace/,Flying Solo NYC
fs_030,925 Siller Silver Cubic Zirconia Bracelet,,,,,One Size,9,,/data/flyingsolo/images/030_0_header_logo.png|/data/flyingsolo/images/030_1_header_logo.png|/data/flyingsolo/images/030_2_Flying_Solo_logo.png|/data/flyingsolo/images/030_3_925-siller-6_no_cut-800x1067.jpg,https://flyingsolo.nyc/product/925-siller-silver-cubic-zirconia-bracelet-2/,Flying Solo NYC
fs_031,ASCO White Waist,,,,,One Size,9,,/data/flyingsolo/images/031_0_header_logo.png|/data/flyingsolo/images/031_1_header_logo.png|/data/flyingsolo/images/031_2_Flying_Solo_logo.png|/data/flyingsolo/images/031_3_ASCO-NY-Pochette-noir-et-blanc-DVT-1-scaled-1-800x1067.jpg,https://flyingsolo.nyc/product/asco-white-waist/,Flying Solo NYC
fs_032,Manufaktur Boscana GmbH Skirt,,,,,Choose an option|36|38|40,9,,/data/flyingsolo/images/032_0_header_logo.png|/data/flyingsolo/images/032_1_header_logo.png|/data/flyingsolo/images/032_2_Flying_Solo_logo.png|/data/flyingsolo/images/032_3_Manufaktur-Boscana-GmbH-6-1-800x1067.png,https://flyingsolo.nyc/product/manufaktur-boscana-gmbh-skirt/,Flying Solo NYC
fs_033,LONA STUDIOS Clear Crystal Necklace,,,,,One Size,9,,/data/flyingsolo/images/033_0_header_logo.png|/data/flyingsolo/images/033_1_header_logo.png|/data/flyingsolo/images/033_2_Flying_Solo_logo.png|/data/flyingsolo/images/033_3_Lona-Studios-3-6-800x1067.jpg,https://flyingsolo.nyc/product/lona-studios-clear-crystal-necklace-2/,Flying Solo NYC
fs_034,SingleTree Lane Crab Of The Full Moon Wearable Art Top,,,,,Choose an option|S|M,9,,/data/flyingsolo/images/034_0_header_logo.png|/data/flyingsolo/images/034_1_header_logo.png|/data/flyingsolo/images/034_2_Flying_Solo_logo.png|/data/flyingsolo/images/034_3_SingleTree-Lane-Crab-of-the-Full-Moon-Sweatshirt-1-800x1067.jpg,https://flyingsolo.nyc/product/singletree-lane-crab-of-the-full-moon-wearable-art-top/,Flying Solo NYC
fs_035,Rough And Tumble Vintage Purple Evening Dress,,,,,One Size,9,,/data/flyingsolo/images/035_0_header_logo.png|/data/flyingsolo/images/035_1_header_logo.png|/data/flyingsolo/images/035_2_Flying_Solo_logo.png|/data/flyingsolo/images/035_3_Rough-and-Tumble-Vintage-8886-800x1067.jpg,https://flyingsolo.nyc/product/rough-and-tumble-vintage-purple-evening-dress-2/,Flying Solo NYC
fs_036,HORSE Spirit Sport Active Bodysuit White/Gold,,,,,Choose an option|S|M,9,,/data/flyingsolo/images/036_0_header_logo.png|/data/flyingsolo/images/036_1_header_logo.png|/data/flyingsolo/images/036_2_Flying_Solo_logo.png|/data/flyingsolo/images/036_3_Horse-Spirit-HORSE_spirit_riding_bodysuits_white_gold4-800x1067.jpg,https://flyingsolo.nyc/product/horse-spirit-sport-active-bodysuit-white-gold/,Flying Solo NYC
fs_037,MONZLAPUR – Forrest Satin Wrap Dress with Crystals – Limited Edition,,,,,One Size,9,,/data/flyingsolo/images/037_0_header_logo.png|/data/flyingsolo/images/037_1_header_logo.png|/data/flyingsolo/images/037_2_Flying_Solo_logo.png|/data/flyingsolo/images/037_3_MONZLAPUR-PhotoRoom_20230901_044427-e1719569682846-800x1067.jpg,https://flyingsolo.nyc/product/monzlapur-forrest-satin-wrap-dress-with-crystals-limited-edition/,Flying Solo NYC
fs_038,Jeunesse DoréE Paris Saint-Honoré White Diamond Necklace,,,,,One Size,9,,/data/flyingsolo/images/038_0_header_logo.png|/data/flyingsolo/images/038_1_header_logo.png|/data/flyingsolo/images/038_2_Flying_Solo_logo.png|/data/flyingsolo/images/038_3_Jeunesse-Doree-Paris-10-800x1067.png,https://flyingsolo.nyc/product/jeunesse-doree-paris-saint-honore-white-diamond-necklace/,Flying Solo NYC
fs_039,Jiwya Bhuro Handmade Unisex Jacket,,,,,Choose an option|L|XL,9,,/data/flyingsolo/images/039_0_header_logo.png|/data/flyingsolo/images/039_1_header_logo.png|/data/flyingsolo/images/039_2_Flying_Solo_logo.png|/data/flyingsolo/images/039_3_Jiwya-Ghost-Mannequin-8a-800x1000.jpg,https://flyingsolo.nyc/product/jiwya-bhuro-handmade-unisex-jacket/,Flying Solo NYC
fs_040,Nubo Baby Deer Embroidered Collar Baby Jumpsuit,,,,,Choose an option|3-6 Months|6-9 Months|9-12 Months,9,,/data/flyingsolo/images/040_0_header_logo.png|/data/flyingsolo/images/040_1_header_logo.png|/data/flyingsolo/images/040_2_Flying_Solo_logo.png|/data/flyingsolo/images/040_3_Nubo-Baby-57-800x1067.jpg,https://flyingsolo.nyc/product/nubo-baby-deer-embroidered-collar-baby-jumpsuit/,Flying Solo NYC
fs_041,Cambaj Beige Resille Thong,,,,,Choose an option|S|M|L,9,,/data/flyingsolo/images/041_0_header_logo.png|/data/flyingsolo/images/041_1_header_logo.png|/data/flyingsolo/images/041_2_Flying_Solo_logo.png|/data/flyingsolo/images/041_3_Cambaj-FS_Resille_Thong_Beige_1-800x1067.jpg,https://flyingsolo.nyc/product/cambaj-beige-resille-thong/,Flying Solo NYC
fs_042,House Of 29 X Melinda Maria Julian Triple Diamond Bracelet 7.5″,,,,,One Size,9,,/data/flyingsolo/images/042_0_header_logo.png|/data/flyingsolo/images/042_1_header_logo.png|/data/flyingsolo/images/042_2_Flying_Solo_logo.png|/data/flyingsolo/images/042_3_House-of-29-Julian-Triple-Diamond-Cuban-Chain-Bracelet-7.5_-Gold-800x1067.png,https://flyingsolo.nyc/product/house-of-29-x-melinda-maria-julian-triple-diamond-bracelet-7-5/,Flying Solo NYC
fs_043,JEREMIE ST.CROIX Bronze Patent Leather Small Crossbody,,,,,One Size,9,,/data/flyingsolo/images/043_0_header_logo.png|/data/flyingsolo/images/043_1_header_logo.png|/data/flyingsolo/images/043_2_Flying_Solo_logo.png|/data/flyingsolo/images/043_3_JEREMIE-ST.CROIX-Marie-20_Icy_Champagne_2610x3480-scaled-e1748388819984-800x1067-1-800x1067.png,https://flyingsolo.nyc/product/jeremie-st-croix-bronze-patent-leather-small-crossbody/,Flying Solo NYC
fs_044,Me Esse Blue Knee Length Skirt,,,,,Choose an option|4|6|8|10,9,,/data/flyingsolo/images/044_0_header_logo.png|/data/flyingsolo/images/044_1_header_logo.png|/data/flyingsolo/images/044_2_Flying_Solo_logo.png|/data/flyingsolo/images/044_3_Me-Esse-Alicia-Tailored-Knee-Length-Skirt-Sky-Mist-Blue-scaled-e1756758460262-800x1068.jpg,https://flyingsolo.nyc/product/me-esse-blue-knee-length-skirt/,Flying Solo NYC
fs_045,AXEL HARDY TM Blue Cocktail Dress,,,,,Choose an option|S,9,,/data/flyingsolo/images/045_0_header_logo.png|/data/flyingsolo/images/045_1_header_logo.png|/data/flyingsolo/images/045_2_Flying_Solo_logo.png|/data/flyingsolo/images/045_3_AXEL-HARDY-TM-GMPET1-800x1067.jpg,https://flyingsolo.nyc/product/axel-hardy-tm-blue-cocktail-dress/,Flying Solo NYC
fs_046,KAKERA Gold Ear Cuff,,,,,One Size,9,,/data/flyingsolo/images/046_0_header_logo.png|/data/flyingsolo/images/046_1_header_logo.png|/data/flyingsolo/images/046_2_Flying_Solo_logo.png|/data/flyingsolo/images/046_3_KAKERA-342346152001-800x1067.jpg,https://flyingsolo.nyc/product/kakera-gold-ear-cuff/,Flying Solo NYC
fs_047,Skinteq puff off eye cream anti-puff anti-wrinkle & dark circles,,,,,One Size,9,,/data/flyingsolo/images/047_0_header_logo.png|/data/flyingsolo/images/047_1_header_logo.png|/data/flyingsolo/images/047_2_Flying_Solo_logo.png|/data/flyingsolo/images/047_3_Skinteq-Photoroom_20250930_123435-e1759846893731-1-800x1067.jpeg,https://flyingsolo.nyc/product/skinteq-eye-care-skincare/,Flying Solo NYC
fs_048,SEÇİL AKKAYA White Evening Dress,,,,,One Size,9,,/data/flyingsolo/images/048_0_header_logo.png|/data/flyingsolo/images/048_1_header_logo.png|/data/flyingsolo/images/048_2_Flying_Solo_logo.png|/data/flyingsolo/images/048_3_SECIL-AKKAYA-3-copy_R-scaled-e1747430818642-800x1067.jpg,https://flyingsolo.nyc/product/secil-akkaya-white-evening-dress/,Flying Solo NYC
fs_049,IZA BY SILVIA DAVILA – ABBY,,,,,One Size,9,,/data/flyingsolo/images/049_0_header_logo.png|/data/flyingsolo/images/049_1_header_logo.png|/data/flyingsolo/images/049_2_Flying_Solo_logo.png|/data/flyingsolo/images/049_3_IZA-BY-SILVIA-DAVILA-ABBY-AU-AurabyGabby-GabbyCThomas-IzabySilviaDavila-jewelry-silver-gold-ring-earrings-necklaces-handmade-one-of-a-kind-IMG_3961-copy-scaled-e1724759443402-800x1066.jpg,https://flyingsolo.nyc/product/iza-by-silvia-davila-abby/,Flying Solo NYC
